﻿Zip,5_Mile_Population,Recorded,ORG_User,Modified_User
06052,"100,000",2/22/22,my_new_username,my_new_username
06419,"26,284",4/18/19,admin_UL,
64151,"100,000",2/22/22,my_new_username,my_new_username
02332,"39,865",4/18/19,admin_UL,
60491,"51,417",4/18/19,admin_UL,
64119,"105,411",4/18/19,admin_UL,
05401,"83,452",4/18/19,admin_UL,
33432,50,2/22/22,admin_UL,my_new_username
92545,50,2/22/22,admin_UL,my_new_username
37160,"37,210",1/11/19,admin_UL,
90040,"789,887",4/17/19,admin_UL,
27510,"84,633",4/17/19,admin_UL,
85255,"100,000",2/22/22,my_new_username,my_new_username
89074,"273,851",7/17/18,admin_UL,
97703,"32,606",1/29/19,admin_UL,
80120,"256,933",4/17/19,admin_UL,
57702,"34,428",4/17/19,admin_UL,
97701,"40,531",3/20/19,admin_UL,
43623,"194,552",4/17/19,admin_UL,
10970,"61,561",4/12/19,admin_UL,
07826,"100,000",2/22/22,my_new_username,my_new_username
82562,"100,000",2/22/22,my_new_username,my_new_username