Zip,5_Mile_Population,Recorded,ORG_User,Modified_User
06052,N/A,N/A,N/A,N/A
06419,"26,284",4/18/19,admin_UL,admin_UL
64151,N/A,N/A,N/A,N/A
02332,"39,865",4/18/19,admin_UL,admin_UL
60491,"51,417",4/18/19,admin_UL,admin_UL
64119,"105,411",4/18/19,admin_UL,admin_UL
05401,"83,452",4/18/19,admin_UL,admin_UL
33432,"199,472",7/11/18,admin_UL,admin_UL
92545,"86,908",4/17/19,admin_UL,admin_UL
37160,"37,210",1/11/19,admin_UL,admin_UL
90040,"789,887",4/17/19,admin_UL,admin_UL
27510,"84,633",4/17/19,admin_UL,admin_UL
85255,N/A,N/A,N/A,N/A
89074,"273,851",7/17/18,admin_UL,admin_UL
97703,"32,606",1/29/19,admin_UL,admin_UL
80120,"256,933",4/17/19,admin_UL,admin_UL
57702,"34,428",4/17/19,admin_UL,admin_UL
97701,"40,531",3/20/19,admin_UL,admin_UL
43623,"194,552",4/17/19,admin_UL,admin_UL
10970,"61,561",4/12/19,admin_UL,admin_UL
07826,N/A,N/A,N/A,N/A
82562,N/A,N/A,N/A,N/A